Title,Location,Job Url,Date Posted
Scientist I - In Vivo Pharmacology,"Lexington, MA",https://www.linkedin.com/jobs/view/4429431069,2026-06-23
Pharma Field Sales - Cardiometabolic Care Specialist I - P Elmira New York,"Elmira, NY",https://www.linkedin.com/jobs/view/4418786723,2026-06-23
Senior Scientist II - Non-clinical Safety,"Lexington, MA",https://www.linkedin.com/jobs/view/4429410972,2026-06-23
Scientist I - In Vivo Pharmacology,"Lexington, MA",https://www.linkedin.com/jobs/view/4429413222,2026-06-22
Finance Business Partner,"Plainsboro, NJ",https://www.linkedin.com/jobs/view/4428943865,2026-06-22
Associate IT Data Engineer,"Clayton, NC",https://www.linkedin.com/jobs/view/4429419154,2026-06-22
Regional Medical Advisor,"Shanghai, VA",https://www.linkedin.com/jobs/view/4418742081,2026-06-22
Medical Liaison - Obesity & Liver Health - Mountain West,"Denver, CO",https://www.linkedin.com/jobs/view/4429416146,2026-06-22
Maintenance Engineer I,"Clayton, NC",https://www.linkedin.com/jobs/view/4428950713,2026-06-22
People & Organization Coordinator - PS AM,"Clayton, NC",https://www.linkedin.com/jobs/view/4428999157,2026-06-22
Senior Benefits Manager - Portfolio Strategy,"Plainsboro, NJ",https://www.linkedin.com/jobs/view/4428941823,2026-06-22
Warehouse Operator I,"Clayton, NC",https://www.linkedin.com/jobs/view/4429405193,2026-06-22
Maintenance Technician I - Technical Support,"Clayton, NC",https://www.linkedin.com/jobs/view/4428999159,2026-06-22
Maintenance Technician I/II - Day Shift,"Durham, NC",https://www.linkedin.com/jobs/view/4428584412,2026-06-21
Maintenance Technician I/II - Night Shift,"Durham, NC",https://www.linkedin.com/jobs/view/4428587399,2026-06-21
Process Specialist,"Clayton, NC",https://www.linkedin.com/jobs/view/4431194099,2026-06-20
Clinical Research Physician Investigator,"Santa Barbara, CA",https://www.linkedin.com/jobs/view/4431350079,2026-06-20
Facilities Engineer I/II - Wastewater Systems API,"Clayton, NC",https://www.linkedin.com/jobs/view/4417936800,2026-06-20
"Associate Director, Content Management Authoring Lead","Plainsboro, NJ",https://www.linkedin.com/jobs/view/4427885632,2026-06-19
Research Assistant,"Globe, AZ",https://www.linkedin.com/jobs/view/4430983734,2026-06-19
Wash and Sterilization Technician I,"Clayton, NC",https://www.linkedin.com/jobs/view/4428259003,2026-06-19
Associate Alternative Models Operations Director,"Plainsboro, NJ",https://www.linkedin.com/jobs/view/4430786971,2026-06-19
Work Cell Leader 1 - Vial Filling,"Clayton, NC",https://www.linkedin.com/jobs/view/4430792890,2026-06-19
Pharma Field Sales - Cardiometabolic Care Specialist I - P Poughkeepsie New York,"Poughkeepsie, NY",https://www.linkedin.com/jobs/view/4427851917,2026-06-18
"Director, Medical Affairs - Portfolio - East","Plainsboro, NJ",https://www.linkedin.com/jobs/view/4427855852,2026-06-18
Senior F&O Strategic Project Manager,"Plainsboro, NJ",https://www.linkedin.com/jobs/view/4427857872,2026-06-18
cLEAN Partner III,"Clayton, NC",https://www.linkedin.com/jobs/view/4430195295,2026-06-18
Quality Assurance Area Specialist III - Finished Production,"Clayton, NC",https://www.linkedin.com/jobs/view/4427857874,2026-06-18
Représentant Commercial 1 / 2,"California, United States",https://www.linkedin.com/jobs/view/4427848945,2026-06-18
Environmental Monitoring Sampling Technician I,"Clayton, NC",https://www.linkedin.com/jobs/view/4427838580,2026-06-18
"Manager, Utilities & Metrology Technical Support","West Lebanon, NH",https://www.linkedin.com/jobs/view/4427802683,2026-06-18
Process Engineer II/III - Cleaning Validation,"Clayton, NC",https://www.linkedin.com/jobs/view/4417244672,2026-06-18
Pharma Field Sales - Cardiometabolic Care Specialist I - Hep Gi - Tampa Florida,"Tampa, FL",https://www.linkedin.com/jobs/view/4426894035,2026-06-17
Process Engineer (Level I-III) - Biotech Manufacturing,"West Lebanon, NH",https://www.linkedin.com/jobs/view/4416865459,2026-06-17
QA Area Specialist I - SDF (1st shift),"Durham, NC",https://www.linkedin.com/jobs/view/4427315012,2026-06-17
Associate Strategic Business Partner,"Clayton, NC",https://www.linkedin.com/jobs/view/4427359513,2026-06-17
Maintenance Planner II,"Durham, NC",https://www.linkedin.com/jobs/view/4427368941,2026-06-17
"Associate Director, Field Sales Capabilities Employee Experience - West","Plainsboro, NJ",https://www.linkedin.com/jobs/view/4427363534,2026-06-17
Associate Medical Account Director - Managed Markets - Central,"Chicago, IL",https://www.linkedin.com/jobs/view/4416852454,2026-06-17
Process Specialist,"Clayton, NC",https://www.linkedin.com/jobs/view/4427388741,2026-06-17
IT Validation & Compliance Lead (Onsite),"West Lebanon, NH",https://www.linkedin.com/jobs/view/4416874351,2026-06-17
Automation Engineer I/II - API,"Clayton, NC",https://www.linkedin.com/jobs/view/4416851490,2026-06-17
"Shift Manager, Manufacturing Operations - Front End Nights - Biotech","West Lebanon, NH",https://www.linkedin.com/jobs/view/4427376834,2026-06-17
"Shift Manager, Manufacturing Operations - Back End Nights - Biotech","West Lebanon, NH",https://www.linkedin.com/jobs/view/4427383779,2026-06-17
Engineering Technician - Fire & Gas Detection,"Clayton, NC",https://www.linkedin.com/jobs/view/4426895048,2026-06-17
Staff Accountant,"Seattle, WA",https://www.linkedin.com/jobs/view/4428054981,2026-06-16
Work Cell Leader 1 - Vial Filling,"Clayton, NC",https://www.linkedin.com/jobs/view/4426838663,2026-06-16
Pharma Field Sales - Cardiometabolic Care Specialist I - P Ithaca New York,"Ithaca, NY",https://www.linkedin.com/jobs/view/4426866817,2026-06-16
cLEAN Partner III,"Clayton, NC",https://www.linkedin.com/jobs/view/4426450412,2026-06-16
Training Partner I-II (Onsite),"West Lebanon, NH",https://www.linkedin.com/jobs/view/4428010986,2026-06-16
"Associate, Life Sciences","New York, NY",https://www.linkedin.com/jobs/view/4429709611,2026-06-16
Associate Media Relations and Issues Management Director,"Plainsboro, NJ",https://www.linkedin.com/jobs/view/4426435320,2026-06-15
"Senior Manager, IT - API","Clayton, NC",https://www.linkedin.com/jobs/view/4426416798,2026-06-15
Pharma Field Sales - Cardiometabolic Care Specialist I - Cardio Nephrology - Des Moines,"Des Moines, IA",https://www.linkedin.com/jobs/view/4426437241,2026-06-15
Facilities Engineer III - Black Utilities,"Clayton, NC",https://www.linkedin.com/jobs/view/4426405167,2026-06-15
Training Partner I-II (Onsite),"West Lebanon, NH",https://www.linkedin.com/jobs/view/4425319954,2026-06-13
"Pharma Field Sales - Cardiometabolic Care Specialist I - P Southeast, Kentucky","Hazard, KY",https://www.linkedin.com/jobs/view/4412850377,2026-06-12
Institutional Account Manager - Northeast,"Philadelphia, PA",https://www.linkedin.com/jobs/view/4425302153,2026-06-12
Documentation Area Specialist II/III,"Clayton, NC",https://www.linkedin.com/jobs/view/4411523662,2026-06-12
Senior Innovation & Business Model Analytics Manager,"Plainsboro, NJ",https://www.linkedin.com/jobs/view/4424815654,2026-06-12
QA Area Specialist III - Finished Production (Validation Focus),"Clayton, NC",https://www.linkedin.com/jobs/view/4425332058,2026-06-12
Medical Liaison - Obesity & Liver Health - Buckeye,"Cleveland Heights, OH",https://www.linkedin.com/jobs/view/4427150801,2026-06-11
"Pharma Field Sales - Rare Blood Therapy Manager - Northern Plains (MN, WI, ND, SD)","Minneapolis, MN",https://www.linkedin.com/jobs/view/4423185680,2026-06-11
Facilities Engineer II/III - SDF,"Durham, NC",https://www.linkedin.com/jobs/view/4423694395,2026-06-11
"Senior Manager - Strategic Partnerships, Consumer & Patient Engagement","Plainsboro, NJ",https://www.linkedin.com/jobs/view/4427165072,2026-06-11
Pharma Field Sales - Cardiometabolic Care Specialist I - P Bakersfield North California,"Bakersfield, CA",https://www.linkedin.com/jobs/view/4423154829,2026-06-10
Accounts Receivable and Credit Manager,"Plainsboro, NJ",https://www.linkedin.com/jobs/view/4423156846,2026-06-10
高级医药顾问-上海-GLP-1,"Shanghai, VA",https://www.linkedin.com/jobs/view/4427011563,2026-06-10
Associate Portfolio Manager,"Clayton, NC",https://www.linkedin.com/jobs/view/4427003677,2026-06-10
Senior Consumer Marketing Manager,"Plainsboro, NJ",https://www.linkedin.com/jobs/view/4422226032,2026-06-09
"Senior Manager - Strategic Partnerships, Consumer & Patient Engagement","Plainsboro, NJ",https://www.linkedin.com/jobs/view/4421997991,2026-06-09
Medical Liaison - Obesity & Liver Health - Buckeye,"Cleveland, OH",https://www.linkedin.com/jobs/view/4422229013,2026-06-09
Medical Liaison - Obesity & Liver Health - Lakeshore,"Minneapolis, MN",https://www.linkedin.com/jobs/view/4422227024,2026-06-09
Pharma Field Sales - Cardiometabolic Care Specialist I - Ecosystem - Quad Cities Iowa,"Davenport, IA",https://www.linkedin.com/jobs/view/4422211077,2026-06-08
Validation Area Specialist - Finished Production,"Clayton, NC",https://www.linkedin.com/jobs/view/4412045221,2026-06-06
Pricing and Policy Insights Manager,"Plainsboro, NJ",https://www.linkedin.com/jobs/view/4412039466,2026-06-06
Automation Engineer II - DeltaV,"Clayton, NC",https://www.linkedin.com/jobs/view/4412046100,2026-06-06
Supply Chain Operation Analyst,"Shanghai, VA",https://www.linkedin.com/jobs/view/4411591077,2026-06-05
Pharma Field Sales - Cardiometabolic Care Specialist I - P Corona California,"Corona, CA",https://www.linkedin.com/jobs/view/4420780003,2026-06-05
Technical Area Specialist (Night Shift),"Clayton, NC",https://www.linkedin.com/jobs/view/4411186585,2026-06-05
Real World Evidence Director,"Plainsboro, NJ",https://www.linkedin.com/jobs/view/4420755984,2026-06-05
Senior Project Manager (Validation),"Clayton, NC",https://www.linkedin.com/jobs/view/4411503155,2026-06-05
Sr. QA Specialist - Pharmaceutical Manufacturing,"West Lebanon, NH",https://www.linkedin.com/jobs/view/4411187452,2026-06-05
Manufacturing Technician - Days (Wed-Sat),"West Lebanon, NH",https://www.linkedin.com/jobs/view/4411197253,2026-06-05
Regional Account Manager - Minnesota,"Minneapolis, MN",https://www.linkedin.com/jobs/view/4412015256,2026-06-05
Pharma Field Sales - Cardiometabolic Care Specialist I - Hep Gi - Seattle Washington,"Seattle, WA",https://www.linkedin.com/jobs/view/4411185764,2026-06-05
Automation Engineer II,"Clayton, NC",https://www.linkedin.com/jobs/view/4411502142,2026-06-05
EM/GMP Process Professional II,"Clayton, NC",https://www.linkedin.com/jobs/view/4411197243,2026-06-05
Process Engineering Technician (Night Shift),"Clayton, NC",https://www.linkedin.com/jobs/view/4411183957,2026-06-05
Associate Alternative Models Operations Director,"Plainsboro, NJ",https://www.linkedin.com/jobs/view/4411191307,2026-06-05
Maintenance Optimization Area Specialist (Automation Warehouse),"Clayton, NC",https://www.linkedin.com/jobs/view/4411197255,2026-06-05
Material Support & Sampling Operator II - API Warehouse,"Petersburg, VA",https://www.linkedin.com/jobs/view/4411185750,2026-06-05
Utilities Maintenance Technician II (Industrial Utilities- DAYS),"Clayton, NC",https://www.linkedin.com/jobs/view/4411521676,2026-06-05
IT Infrastructure Analyst II-III (Onsite),"West Lebanon, NH",https://www.linkedin.com/jobs/view/4411191308,2026-06-05
Facilities Engineer II - Clean Utilities - PS AM,"Clayton, NC",https://www.linkedin.com/jobs/view/4411185755,2026-06-05
HEOR Evidence Synthesis Director,"Plainsboro, NJ",https://www.linkedin.com/jobs/view/4419222556,2026-06-02
"Associate Director, Quality Control","Clayton, NC",https://www.linkedin.com/jobs/view/4419209758,2026-06-02
Quality Assurance Area Specialist III - QA IT / QC,"Clayton, NC",https://www.linkedin.com/jobs/view/4419602982,2026-06-02
Security Analyst III,"Plainsboro, NJ",https://www.linkedin.com/jobs/view/4419613908,2026-06-02
Junior Customer Support,"Raleigh, NC",https://www.linkedin.com/jobs/view/4408853193,2026-05-06
Warehouse Operator I,"Clayton, NC, US",https://www.indeed.com/viewjob?jk=168e3f816fe89ac2,2026-06-22
People & Organization Coordinator - PS AM,"Clayton, NC, US",https://www.indeed.com/viewjob?jk=ee65c4775072730e,2026-06-22
Maintenance Technician I - Technical Support,"Clayton, NC, US",https://www.indeed.com/viewjob?jk=78e5180e895c0a94,2026-06-22
Scientist I - In Vivo Pharmacology,"Lexington, MA, US",https://www.indeed.com/viewjob?jk=70a4f87269ddc9b5,2026-06-22
Senior Facilities Specialist (HVAC/R),"Boulder, CO, US",https://www.indeed.com/viewjob?jk=93457bd6f08a7aba,2026-06-22
Maintenance Engineer I,"Clayton, NC, US",https://www.indeed.com/viewjob?jk=bdfac55f8a6362fc,2026-06-22
Scientist I - In Vivo Pharmacology,"Lexington, MA, US",https://www.indeed.com/viewjob?jk=594bd9840f4d3fc0,2026-06-22
Senior Scientist II - Non-clinical Safety,"Lexington, MA, US",https://www.indeed.com/viewjob?jk=4afd9d0104878a3e,2026-06-22
Associate Human Resource Business Partner,"Clayton, NC, US",https://www.indeed.com/viewjob?jk=43557e873f2e670a,2026-06-22
Aseptic Production Shift Manager,"Clayton, NC, US",https://www.indeed.com/viewjob?jk=0ac36580eba9bdc5,2026-06-22
Senior Project Manager - Capital Investment Projects,"Petersburg, VA, US",https://www.indeed.com/viewjob?jk=178bb4248ebf4d65,2026-06-22
Associate IT Data Engineer,"Clayton, NC, US",https://www.indeed.com/viewjob?jk=50d165573532c731,2026-06-22
Finance Business Partner,"Plainsboro, NJ, US",https://www.indeed.com/viewjob?jk=ed7eb4a290a68908,2026-06-22
Maintenance Technician I/II - Day Shift,"Durham, NC, US",https://www.indeed.com/viewjob?jk=4d8a5922e5e3cd46,2026-06-21
Maintenance Technician II - Bulk (2nd Shift),"Durham, NC, US",https://www.indeed.com/viewjob?jk=33c32199a2ad05fd,2026-06-21
Maintenance Technician I/II - Night Shift,"Durham, NC, US",https://www.indeed.com/viewjob?jk=d9eb9cc11228541f,2026-06-21
Maintenance Technician II - Bulk (2nd Shift),"Durham, NC, US",https://www.indeed.com/viewjob?jk=29a7ba72402543bb,2026-06-21
Process Engineer- Formulation Equipment,"Clayton, NC, US",https://www.indeed.com/viewjob?jk=d5a670fe2895a5a1,2026-06-19
Wash and Sterilization Technician I,"Clayton, NC, US",https://www.indeed.com/viewjob?jk=21a929b3f665a57e,2026-06-19
Manufacturing Operator I - Pack (1st shift),"Durham, NC, US",https://www.indeed.com/viewjob?jk=a7568fe8f6ad209a,2026-06-19
Représentant Commercial 1 / 2,"Beauce, QC, CA",https://ca.indeed.com/viewjob?jk=3c5e894468961649,2026-06-18
Clinical Research Associate,"Montréal, QC, CA",https://ca.indeed.com/viewjob?jk=9c526aacead2d7ad,2026-06-18
Procurement Specialist,"Mississauga, ON, CA",https://ca.indeed.com/viewjob?jk=2cb51fd0197ff6cb,2026-06-18
"Associate Director, Medical Education","Mississauga, ON, CA",https://ca.indeed.com/viewjob?jk=09cd7168a1633724,2026-04-14
Study Start Up Specialist,"Gatwick Airport, ENG, GB",https://uk.indeed.com/viewjob?jk=e6219bd53d9636bd,2026-06-11
Software Engineer - Kubernetes & Go,"London, ENG, GB",https://uk.indeed.com/viewjob?jk=23f4028f4261c9a5,2026-06-11
"Software Engineer - IAM, Aura","London, ENG, GB",https://uk.indeed.com/viewjob?jk=959f0d0975efd7e1,2026-06-09
Software Engineer - Platform Security,"London, ENG, GB",https://uk.indeed.com/viewjob?jk=d987441538d70825,2026-06-09
SR Financial Accountant,"Gatwick Airport, ENG, GB",https://uk.indeed.com/viewjob?jk=a8ba640deb29bb57,2026-06-09
IT Engineer (Cloud),"London, ENG, GB",https://uk.indeed.com/viewjob?jk=48697b0b74732b67,2026-06-02
Software Engineer - Vector Index,"London, ENG, GB",https://uk.indeed.com/viewjob?jk=1a8375e5d098cb7f,2026-05-26
Associate Solution Engineer - London,"London, ENG, GB",https://uk.indeed.com/viewjob?jk=4de9fbbbaa63a5da,2026-05-06
Software Engineer - Site Reliability Engineering,"London, ENG, GB",https://uk.indeed.com/viewjob?jk=03553959b221ba92,2026-04-20
Senior Researcher,"Bristol, ENG, GB",https://uk.indeed.com/viewjob?jk=03f23b092f30f9d3,2026-04-13
"Account Manager/Senior Account Manager, Health (Policy)","London, ENG, GB",https://uk.indeed.com/viewjob?jk=8b2a69bd01733278,2025-12-09
Software Engineer - Core Database (Kernel),"London, ENG, GB",https://uk.indeed.com/viewjob?jk=9c676fe0651747cb,2025-05-13
Software Engineer - Orchestration,"London, ENG, GB",https://uk.indeed.com/viewjob?jk=9baab2a66aca91d8,2024-12-13
"Director, Clinical Development Center","Mainz, RP, DE",https://de.indeed.com/viewjob?jk=5f3b0c4cd94197c8,2026-06-10
Associate Solution Engineer - Munich,"Home Office, DE",https://de.indeed.com/viewjob?jk=c33739204dcdbcbe,2026-05-06
"Portfolio Spezialist:in / Pharmareferent:in Diabetes & Adipositas - Flensburg, St. Peter-Ording","Kiel, SH, DE",https://de.indeed.com/viewjob?jk=3c4044e6177b9bcb,2026-04-08
Sr BUSINESS ASSISTANT,"Chartres, CVL, FR",https://fr.indeed.com/viewjob?jk=cdca4466349dff81,2026-06-21
Technicien maintenance utilités (H/F),"Chartres, CVL, FR",https://fr.indeed.com/viewjob?jk=e6a17af6980d047e,2026-06-15
Adjoint de production conditionnement FlexTouch (H/F),"Chartres, CVL, FR",https://fr.indeed.com/viewjob?jk=8edb047dbd880d67,2026-06-12
Ingénieur Process Support Conditionnement (H/F),"Chartres, CVL, FR",https://fr.indeed.com/viewjob?jk=1a73a9187fbdf51f,2026-06-10
Ingénieur Process Inspection Visuelle - Projet (H/F),"Chartres, CVL, FR",https://fr.indeed.com/viewjob?jk=a929bd2fc853f0b6,2026-06-10
Solution Engineer Paris,"Télétravail, FR",https://fr.indeed.com/viewjob?jk=f8f00a040cfd8cfb,2026-06-10
Technicien de maintenance - Production aseptique (5x8) (H/F),"Chartres, CVL, FR",https://fr.indeed.com/viewjob?jk=3fb8d6f5a81c4113,2026-06-03
Ingénieur expert équipement aseptique (H/F),"Chartres, CVL, FR",https://fr.indeed.com/viewjob?jk=7d06a63dd1cb3549,2026-06-03
Ingénieur fiabilité Produits Finis (H/F),"Chartres, CVL, FR",https://fr.indeed.com/viewjob?jk=db137c0cc5d854af,2026-06-02
Responsable unité de production conditionnement (associate director) (H/F),"Chartres, CVL, FR",https://fr.indeed.com/viewjob?jk=584096bb16991a3f,2026-06-02
Ingénieur Travaux Thermiques -H/F,"Tours, CVL, FR",https://fr.indeed.com/viewjob?jk=3acbd6985d81ff43,2026-05-18
Alternance 24 mois - Ingénieur(e) mise en service et validation intralogistiques,"Chartres, CVL, FR",https://fr.indeed.com/viewjob?jk=a79866b46b496329,2026-04-09
Alternance - Achats/Approvisionnement industriel (H/F),"Chartres, CVL, FR",https://fr.indeed.com/viewjob?jk=55704b4d7f3ca205,2026-04-02
Alternance 12 mois - Assistant ingénieur supply chain projet H/F,"Chartres, CVL, FR",https://fr.indeed.com/viewjob?jk=3a61a49446dacaf6,2026-03-26
Alternance - Ingénieur Process Support (H/F),"Chartres, CVL, FR",https://fr.indeed.com/viewjob?jk=77264fd2b24b6eb7,2026-03-24
Technicien de maintenance Conditionnement ou Assemblage - Horaires 5x8 (H/F),"Chartres, CVL, FR",https://fr.indeed.com/viewjob?jk=35274a4d9c232430,2026-03-13
"Technicien de maintenance, Production Aseptique","Chartres, CVL, FR",https://fr.indeed.com/viewjob?jk=d627b413a3a91fe2,2026-01-13
Mission Requalification de Salles Propres de l'Industrie Pharmaceutique ou des fabricants de DM,"Bron, ARA, FR",https://fr.indeed.com/viewjob?jk=bd2ae0995c809be6,2021-05-26
Sr Legal and Compliance Counsel,"Sydney, NSW, AU",https://au.indeed.com/viewjob?jk=58de74004e922e1b,2026-06-15
National Pharmacy Strategy & Partnerships Manager,"Sydney, NSW, AU",https://au.indeed.com/viewjob?jk=16e4fa61f50d1e80,2026-06-04
Sr Pharmacovigilance Associate,"Sydney, NSW, AU",https://au.indeed.com/viewjob?jk=b048c2c0ef171395,2026-05-21
Clinical Research Associate (I) and (II),"Sydney, NSW, AU",https://au.indeed.com/viewjob?jk=1a86b7bb4ce3fff6,2026-05-11
Senior Data & Analytics Engineer,"KA, IN",https://in.indeed.com/viewjob?jk=139597917d5ea6a3,2026-06-23
"Director, Head of GSI Partnerships, Asia Pacific","Remote, IN",https://in.indeed.com/viewjob?jk=14c69af79c821a4a,2026-06-23
Business Analyst - FP&A,"KA, IN",https://in.indeed.com/viewjob?jk=d5f5f54ef418a666,2026-06-22
Product Specialist I / Product Specialist II / Product Specialist III,"KA, IN",https://in.indeed.com/viewjob?jk=a0481b981cea6ccc,2026-06-22
Sr Total Rewards Manager,"KA, IN",https://in.indeed.com/viewjob?jk=deceb5205ae4fd6e,2026-06-20
Associate Business Analyst,"KA, IN",https://in.indeed.com/viewjob?jk=a60c7b4e2a402858,2026-06-18
Advanced Business Analyst - Planning,"KA, IN",https://in.indeed.com/viewjob?jk=69da0c9a3f4ec9db,2026-06-18
Associate Business Analyst / Business Analyst,"KA, IN",https://in.indeed.com/viewjob?jk=83712ca4b4ada322,2026-06-18
Regulatory Professional,"KA, IN",https://in.indeed.com/viewjob?jk=fc45fd43660b378c,2026-06-18
Global Customer Insights Lead,"KA, IN",https://in.indeed.com/viewjob?jk=a2b104fd26124d05,2026-06-17
Associate Business Analyst,"KA, IN",https://in.indeed.com/viewjob?jk=6635b05766c81d48,2026-06-16
Senior DevOps Engineer,"KA, IN",https://in.indeed.com/viewjob?jk=c14fcf5096e326d6,2026-06-12
Pharmacovigilance Vendor Governance Principal Specialist,"KA, IN",https://in.indeed.com/viewjob?jk=987ada329b119a21,2026-06-12
Director-Infrastructure,"KA, IN",https://in.indeed.com/viewjob?jk=28c514bc4cda032c,2026-06-12
Senior Data Quality Analyst,"KA, IN",https://in.indeed.com/viewjob?jk=e345c1c3ae81fd75,2026-06-12
Advanced Data Analyst,"KA, IN",https://in.indeed.com/viewjob?jk=8aec2f2e72e41e21,2026-06-12
Senior Data Analyst,"KA, IN",https://in.indeed.com/viewjob?jk=55986c752420e984,2026-06-12
Sr IT Validation & Compliance Specialist I,"KA, IN",https://in.indeed.com/viewjob?jk=886f3c62675b43a5,2026-06-12
Sr Manager - Multichannel Engagement,"KA, IN",https://in.indeed.com/viewjob?jk=51b39b62c2f302de,2026-06-11
Lead Key Account I,"RJ, IN",https://in.indeed.com/viewjob?jk=848f201f4bbdc4dc,2026-06-05
Analista Segurança Patrimonial Sr,"Montes Claros, MG, BR",https://br.indeed.com/viewjob?jk=a3c415b6d3b6ed40,2026-06-22
Especialista em Automação (Utilidades),"Montes Claros, MG, BR",https://br.indeed.com/viewjob?jk=776201041205b088,2026-05-13
Analista Legal & Compliance SR - (Temporário 1 ano),"Montes Claros, MG, BR",https://br.indeed.com/viewjob?jk=121364724cba2e73,2026-04-22
Software Engineer - Kubernetes & Go,"Malmö, M, SE",https://se.indeed.com/viewjob?jk=ed7cab1e1acad8e6,2026-06-11
Post doctor (2 years) in plant cell wall dynamics and mechanochemical signalling,"Umeå, AC, SE",https://se.indeed.com/viewjob?jk=0023e9c9ab21fbc8,2026-06-10
"Software Engineer - IAM, Aura","Malmö, M, SE",https://se.indeed.com/viewjob?jk=872dae381e93445d,2026-06-09
Software Engineer - Platform Security,"Malmö, M, SE",https://se.indeed.com/viewjob?jk=849c495645380ffa,2026-06-09
Software Engineer - Vector Index,"Malmö, M, SE",https://se.indeed.com/viewjob?jk=82f2967f289741a9,2026-05-26
Senior Software Engineer - Graph Analytics for Snowflake,"Malmö, M, SE",https://se.indeed.com/viewjob?jk=23b6c880b2fa8af7,2026-05-22
Software Engineer - Site Reliability Engineering,"Malmö, M, SE",https://se.indeed.com/viewjob?jk=b6ae83f317a1ce0b,2026-04-20
Software Engineer - Sharding,"Malmö, M, SE",https://se.indeed.com/viewjob?jk=f3ed7e5c957c8d9e,2026-03-06
Software Engineering - Clustering & Distributed Systems,"Malmö, M, SE",https://se.indeed.com/viewjob?jk=450f58fe6d9d39d4,2026-03-06
Software Engineer - Core Database (Kernel),"Malmö, M, SE",https://se.indeed.com/viewjob?jk=5739705eefd7d067,2025-03-31
Software Engineer - Orchestration,"Malmö, M, SE",https://se.indeed.com/viewjob?jk=3c1569dbe38b4c4d,2024-12-13
Senior Strategy Consultant (Copenhagen),"København, D84, DK",https://dk.indeed.com/viewjob?jk=12b87f283b5d360a,2026-06-23
"Director, IT Validation & Compliance","Søborg, D84, DK",https://dk.indeed.com/viewjob?jk=d46159ada3a8f777,2026-06-22
Global Medical Director MASH,"Søborg, D84, DK",https://dk.indeed.com/viewjob?jk=14fecf3e1b3a7d44,2026-06-22
Associate Digital & Process Partner for Supplier Enablement,"Bagsværd, D84, DK",https://dk.indeed.com/viewjob?jk=ba7adc13cfea698c,2026-06-22
Digital Process Analyst for Supplier Enablement,"Bagsværd, D84, DK",https://dk.indeed.com/viewjob?jk=59e9f45856bc08b0,2026-06-22
IT System Manager,"Kalundborg, D85, DK",https://dk.indeed.com/viewjob?jk=9317d3664e9699e3,2026-06-22
"Department Manager of AI Strategy, Innovation and Adoption at Novo Nordisk Engineering","Virum, D84, DK",https://dk.indeed.com/viewjob?jk=70ab676b43481011,2026-06-22
HSE Lead at Novo Nordisk Engineering,"Virum, D84, DK",https://dk.indeed.com/viewjob?jk=e9bda3f8ec20a245,2026-06-22
"Head of Development ADME, Måløv, Denmark","Måløv, D84, DK",https://dk.indeed.com/viewjob?jk=e0dfe08393129c9f,2026-06-22
Computerized Systems Engineer,"Kalundborg, D85, DK",https://dk.indeed.com/viewjob?jk=5860f31854576049,2026-06-22
Legal Student Assistant,"København, D84, DK",https://dk.indeed.com/viewjob?jk=164d2144025f04b5,2026-06-22
Sustainability AI and Digitalisation Lead - Sustainability Data and AI,"Bagsværd, D84, DK",https://dk.indeed.com/viewjob?jk=9fc73ca66e0d9b60,2026-06-22
Technical Writer,"Hjørring, D81, DK",https://dk.indeed.com/viewjob?jk=648d10df81c0c971,2026-06-22
Clean Utility Supporter,"Kalundborg, D85, DK",https://dk.indeed.com/viewjob?jk=b4c740433e9d934f,2026-06-18
Software Application Developer,"Måløv, D84, DK",https://dk.indeed.com/viewjob?jk=58f9598b26ceec57,2026-06-18
Project Manager,"Bagsværd, D84, DK",https://dk.indeed.com/viewjob?jk=08d7f3d10f217493,2026-06-17
Student Assistant for Operation Research nt Assistant,"Kalundborg, D85, DK",https://dk.indeed.com/viewjob?jk=0a399f66a83a7174,2026-06-17
API Manufacturing Professional,"Kalundborg, D85, DK",https://dk.indeed.com/viewjob?jk=e0922c7301325011,2026-06-17
Senior IT/OT Operation Professional,"Kalundborg, D85, DK",https://dk.indeed.com/viewjob?jk=377db4cfe4a27198,2026-06-16
IT Supporter for M1 & M3,"Kalundborg, D85, DK",https://dk.indeed.com/viewjob?jk=377786a12426e6e4,2026-06-15
"Väitöskirjatutkija, molekulaarinen kasvibiologia","Turku, F20, FI",https://fi.indeed.com/viewjob?jk=02531f8f9d1de7b9,2026-06-03
Tutkijatohtorin määräaikainen tehtävä,"Turku, F20, FI",https://fi.indeed.com/viewjob?jk=1b31216953c1dab2,2026-05-11
"Associate Director External Communications & Engagement, International Operations","Zürich, ZH, CH",https://ch.indeed.com/viewjob?jk=4fa90c9de19f89a9,2026-06-18
Sales Specialist Care Cardiometabolic (gn),"Zürich, ZH, CH",https://ch.indeed.com/viewjob?jk=882c42d2bac9313e,2026-06-16
IT Operations Analyst,"Zürich, ZH, CH",https://ch.indeed.com/viewjob?jk=d8d42002aa31a2db,2026-06-15
Associate IT Automation Engineer,"Athlone, WH, IE",https://ie.indeed.com/viewjob?jk=7f336cdbd373ec0f,2026-06-05
Obesity Account Specialist,"Firenze, TOS, IT",https://it.indeed.com/viewjob?jk=54b2e905c0a4f9d1,2026-06-22
Obesity Account Specialist - Maternity Cover,"Napoli, CAM, IT",https://it.indeed.com/viewjob?jk=9f3d0d38f19e42eb,2026-06-15
Pricing & Reimbursement Sr Advisor,"Roma, LAZ, IT",https://it.indeed.com/viewjob?jk=1e6c650fd83e8794,2026-06-11
Senior Manager Sales,"Granada, AN, ES",https://es.indeed.com/viewjob?jk=2186974765aa95f9,2026-06-16
Recruiter - Danish speaker,"Gdańsk, PM, PL",https://pl.indeed.com/viewjob?jk=614a89d71b1ec6ef,2026-06-18
Senior Technical Consultant - Quality Systems,"zdalnie, PL",https://pl.indeed.com/viewjob?jk=60b121e73130df94,2025-08-29
Senior Consultant - Veeva Clinical Operations - Managed Services (Remote),"zdalnie, PL",https://pl.indeed.com/viewjob?jk=87e09c31480d663b,2022-07-14
Senior Consultant - Veeva RIM - Managed Services (Remote),"zdalnie, PL",https://pl.indeed.com/viewjob?jk=45656b091f7473b4,2022-07-14
Consultant - Veeva RIM - Managed Services (Remote),"zdalnie, PL",https://pl.indeed.com/viewjob?jk=ac639e22d3d5ce28,2022-07-14
"Advanced IT and OT engineer, Koriyama Factory","JPB, JP",https://jp.indeed.com/viewjob?jk=f4f75c4e2243e4e4,2026-06-02
Finance Operations Senior Manager,"JPC, JP",https://jp.indeed.com/viewjob?jk=9ba46eaf374795ad,2026-06-02
Omnichannel Marketing Manager,"JPC, JP",https://jp.indeed.com/viewjob?jk=3d83fcf922876793,2026-05-18
Manufacturing Site Project Manager,"JPB, JP",https://jp.indeed.com/viewjob?jk=caef1ba6ea57bf28,2026-04-14
Senior/Advanced Project QA Professional,"JPB, JP",https://jp.indeed.com/viewjob?jk=9ee7fe5dacb58cb6,2026-01-22
Senior Regulatory Affairs Specialist (NEW Position),"11, KR",https://kr.indeed.com/viewjob?jk=e9491c9abf90b5a1,2026-06-08
Senior Market Access Specialist,"11, KR",https://kr.indeed.com/viewjob?jk=6eac428e90529cb3,2026-06-04
Quality Assurance Manager,"11, KR",https://kr.indeed.com/viewjob?jk=25d15941b897c4f3,2026-04-30
Accounting & Tax Manager,"11, KR",https://kr.indeed.com/viewjob?jk=45b91fe062b224a8,2026-04-30
Senior Business Intelligence Data Analyst,"11, KR",https://kr.indeed.com/viewjob?jk=8f42defac5ce3ecd,2026-04-21
Senior Post Marketing Surveillance (PMS) Specialist,"11, KR",https://kr.indeed.com/viewjob?jk=69c13ee6ae728a11,2026-04-09
Social Media Communications Lead,"11, KR",https://kr.indeed.com/viewjob?jk=f4290cfcb5a3032c,2026-03-24
Associate Launch Excellence Commercial Planning Director,"Singapore, S00, SG",https://sg.indeed.com/viewjob?jk=fefe8a9fd2c15b11,2026-06-16
"Legal Counsel, Novo Holdings Asia (Based in Singapore)","Singapore, S00, SG",https://sg.indeed.com/viewjob?jk=a6f768793dea8a83,2026-06-16
Associate e-Health Channel Director,"Singapore, S00, SG",https://sg.indeed.com/viewjob?jk=2e636ea0c73d04ed,2026-05-27
Enterprise Account Executive (Korean Speaking),"Remote, SG",https://sg.indeed.com/viewjob?jk=8c0d1a896658f719,2026-05-06
Senior Solutions Engineer - Singapore,"Remote, SG",https://sg.indeed.com/viewjob?jk=af8cb42fa4b44e7b,2026-05-04
Sales Development Representative,"Remote, SG",https://sg.indeed.com/viewjob?jk=4c710dc680064289,2026-04-29
Regulatory Affairs Portfolio Manager,"Johannesburg, GP, ZA",https://za.indeed.com/viewjob?jk=4641622e89c821d5,2026-06-10
Therapeutic Area Senior Manager,"Vicente López, B, AR",https://ar.indeed.com/viewjob?jk=158feb5ad1ef34a5,2026-06-22
Sr Government & Public Affairs Manager,"Auckland City, N, NZ",https://nz.indeed.com/viewjob?jk=1f26a08e22908ae0,2026-06-01
Senior Automation Engineer – IT/OT Integration at Novo Nordisk Engineering,"DK, EG",https://eg.indeed.com/viewjob?jk=c6c756f4dcbd4652,2026-06-11
Marketing Manager,"القاهرة, C, EG",https://eg.indeed.com/viewjob?jk=0cea0a3859c26b82,2026-06-10
Newly graduated Mechanical Engineers at Novo Nordisk Engineering,"DK, EG",https://eg.indeed.com/viewjob?jk=1b93eee4f1a349a9,2026-05-30
Electrical & Instrumentation Engineer (Process / Pharma) at Novo Nordisk Engineering,"DK, EG",https://eg.indeed.com/viewjob?jk=2e0cf914797c471d,2026-04-27
"Legal, Ethics & Compliance Manager","Marmara, T34, TR",https://tr.indeed.com/viewjob?jk=3151933a4ac4ca5e,2025-07-31
Medical Scientific Liaison,"București, IF, RO",https://ro.indeed.com/viewjob?jk=39f785f7cf44badf,2026-03-17
Pilot Manufacturing Technician,"Jevany, ST, CZ",https://cz.indeed.com/viewjob?jk=425b149990169d9a,2026-06-16
Associate Facility Operations Director,"Jevany, ST, CZ",https://cz.indeed.com/viewjob?jk=342dfcfc368829ab,2026-06-15
IT/OT Infrastructure Professional,"Jevany, ST, CZ",https://cz.indeed.com/viewjob?jk=9844f6ea4ed0a197,2026-06-15
IT Responsible,"Jevany, ST, CZ",https://cz.indeed.com/viewjob?jk=72316f604763c932,2026-06-15
Senior Automation Engineer,"Jevany, ST, CZ",https://cz.indeed.com/viewjob?jk=2364bd1d83765fa0,2026-06-15
Senior Technical Consultant - Quality Systems,"távmunka, HU",https://hu.indeed.com/viewjob?jk=d11118fa95fe5bba,2025-08-29
Senior Consultant - Veeva RIM - Managed Services (Remote),"távmunka, HU",https://hu.indeed.com/viewjob?jk=c372e071b81cbfd8,2022-07-14
Consultant - Veeva RIM - Managed Services (Remote),"távmunka, HU",https://hu.indeed.com/viewjob?jk=3f4a1b9726d08c91,2022-07-14
Senior Consultant - Veeva Clinical Operations - Managed Services (Remote),"távmunka, HU",https://hu.indeed.com/viewjob?jk=93eac6da837b7e0f,2022-07-14
Professional Medical Specialist - Johor,"Johor Bahru, M01, MY",https://malaysia.indeed.com/viewjob?jk=316d33940563f144,2026-05-29
"Accounting & Tax Manager, Singapore & APAC Regional Office based in KL, Malaysia","Kuala Lumpur, M14, MY",https://malaysia.indeed.com/viewjob?jk=dfeb92a8ab64b6e8,2026-05-11
Product Specialist,"40, TH",https://th.indeed.com/viewjob?jk=1056f681c75087db,2026-06-16
Product Specialist,"40, TH",https://th.indeed.com/viewjob?jk=f8f5d1e3beb75204,2026-06-16
Market Access Manager,"40, TH",https://th.indeed.com/viewjob?jk=386060c1c7361dea,2026-05-22
Senior Developer Advocate,"San Mateo, 04A, PH",https://ph.indeed.com/viewjob?jk=9b6efaa8424e8397,2026-06-15
Lead Product Manager,"Manila, P00, PH",https://ph.indeed.com/viewjob?jk=1924e8d45cb9225a,2026-05-13
NNID Internship Batch 4,ID,https://id.indeed.com/viewjob?jk=9f4cdb5d43fa27bd,2026-06-23
"Legal, Compliance Intern","Jakarta, JW, ID",https://id.indeed.com/viewjob?jk=6489e9ccef96c8ed,2026-06-16
Regulatory & Pharmacovigillance Intern,"Jakarta, JW, ID",https://id.indeed.com/viewjob?jk=10081524e554b288,2026-06-16
Digital Engagement Intern,"Jakarta, JW, ID",https://id.indeed.com/viewjob?jk=70eecafbe5b0397e,2026-06-15
Communications Intern,"Jakarta, JW, ID",https://id.indeed.com/viewjob?jk=4292d280b2d7d131,2026-06-15
Community & Event Intern,"Jakarta, JW, ID",https://id.indeed.com/viewjob?jk=e4760ec4d6bf78d4,2026-06-15
Marketing Intern,"Jakarta, JW, ID",https://id.indeed.com/viewjob?jk=90d6e713eb278dec,2026-06-15
Creative Project Management Intern,"Jakarta, JW, ID",https://id.indeed.com/viewjob?jk=8ff19e9e60b7c337,2026-06-15
Organisation Change Management Intern,"Jakarta, JW, ID",https://id.indeed.com/viewjob?jk=0954d22aed02ed06,2026-06-15
Field Market Access Intern,"Jakarta, JW, ID",https://id.indeed.com/viewjob?jk=014af96d1ab4815a,2026-06-15
Learning & Development Intern,"Jakarta, JW, ID",https://id.indeed.com/viewjob?jk=64de1d0344f82551,2026-06-15
Market Access and Public Affairs Project Intern,"Jakarta, JW, ID",https://id.indeed.com/viewjob?jk=afff1da98dfb08de,2026-06-15
Omnichannel Engagement (OCE) Intern,"Jakarta, JW, ID",https://id.indeed.com/viewjob?jk=240bf11cdb9a03e4,2026-06-15
Project Management Intern,"Jakarta, JW, ID",https://id.indeed.com/viewjob?jk=e489e88c87175f48,2026-06-15
Giám Sát Công Trình Nội Thất,"Thành phố Hồ Chí Minh, SG, VN",https://vn.indeed.com/viewjob?jk=7f0294178ad1fabb,2026-06-19
Area Manager - Hanoi,"Hà Nội, HN, VN",https://vn.indeed.com/viewjob?jk=5971b1b5b946148b,2026-06-16
Consumer Activation Manager,"Thành phố Hồ Chí Minh, SG, VN",https://vn.indeed.com/viewjob?jk=48da6afcdd1f6999,2026-06-11
Medical Manager / Medical Advisor,"Thành phố Hồ Chí Minh, SG, VN",https://vn.indeed.com/viewjob?jk=8acfdd1847d0a02c,2026-04-06
Head of Market Access & Public Affairs,"Thành phố Hồ Chí Minh, SG, VN",https://vn.indeed.com/viewjob?jk=fe428bf532dcc27c,2026-03-23
医药代表-秦皇岛-DOD肥胖症,"C10, CN",https://cn.indeed.com/viewjob?jk=9ac534ddf697239a,2026-06-23
医药代表-广州-GLP-1,"C30, CN",https://cn.indeed.com/viewjob?jk=4ca1c611081cdd57,2026-06-23
医药代表-宁德-胰岛素,"C07, CN",https://cn.indeed.com/viewjob?jk=784b4734654b8cbd,2026-06-23
医药代表-青岛-DOD肥胖症,"C25, CN",https://cn.indeed.com/viewjob?jk=9f4a5d22cc063c9f,2026-06-22
医药代表-保定-IBD胰岛素,"C10, CN",https://cn.indeed.com/viewjob?jk=1b82dea87bd5853f,2026-06-22
医药代表-天津-GLP-1-天津中医药大学第一附属医院,"天津市, C28, CN",https://cn.indeed.com/viewjob?jk=dfcc04524ef7f1c8,2026-06-18
医药代表-深圳-DOD肥胖专职,"C30, CN",https://cn.indeed.com/viewjob?jk=52604c58af8c8828,2026-06-17
医药代表-北京-GLP-1-北三,"北京市, C22, CN",https://cn.indeed.com/viewjob?jk=d8f59256ea24c792,2026-06-16
Compliance Manager,"北京市, C22, CN",https://cn.indeed.com/viewjob?jk=adf930b447dbb246,2026-06-16
医药代表-乐山-胰岛素,"C32, CN",https://cn.indeed.com/viewjob?jk=b500d3309f5786d9,2026-06-15
医药代表-新疆喀什-胰岛素,"C13, CN",https://cn.indeed.com/viewjob?jk=c94a62e16d2f336a,2026-06-15
Clinical Medical Manager,"北京市, C22, CN",https://cn.indeed.com/viewjob?jk=7b1c0a04006c0393,2026-06-15
Product Safety Officer/ Associate Manager,"上海市, C23, CN",https://cn.indeed.com/viewjob?jk=a851d217d29fa704,2026-06-15
Medical Representative,"北京市, C22, CN",https://cn.indeed.com/viewjob?jk=661e43288cccea9c,2026-06-15
Pharmaceutical Representative,"北京市, C22, CN",https://cn.indeed.com/viewjob?jk=56b5b627ec5a1cb1,2026-06-15
"Manager, Regional Business Management","北京市, C22, CN",https://cn.indeed.com/viewjob?jk=d03a5e91b2d4b9ad,2026-06-15
医药代表-上海-GLP-1,"上海市, C23, CN",https://cn.indeed.com/viewjob?jk=73af55450a9ef8a4,2026-06-15
Sales Effectiveness Manager II,"北京市, C22, CN",https://cn.indeed.com/viewjob?jk=70c3596828f5f400,2026-06-11
"Assoc Director, Field Execution Obesity","北京市, C22, CN",https://cn.indeed.com/viewjob?jk=ba6142fd89caf0bf,2026-06-11
(Sr.) Pharmacovigilance Manager,"北京市, C22, CN",https://cn.indeed.com/viewjob?jk=cda2de7f3e6408da,2026-06-11
Cardio Metabolic MultiChannel Sales Representative (Temporary),"כפר סבא, M, IL",https://il.indeed.com/viewjob?jk=d553134d636e7e72,2026-06-19
Medical Science Liaison - Metabolic Diseases Pipeline,"כפר סבא, M, IL",https://il.indeed.com/viewjob?jk=0bdca23aa695b411,2026-06-18
CDC Therapeutic Area Senior Manager,"כפר סבא, M, IL",https://il.indeed.com/viewjob?jk=ccb2d6d8ddfc92db,2026-06-16
Digital Medical Advisor,"כפר סבא, M, IL",https://il.indeed.com/viewjob?jk=24e0a9692b5b1352,2026-05-05
Senior Experience Designer,"תל אביב -יפו, TA, IL",https://il.indeed.com/viewjob?jk=17aec31a933528ec,2026-02-01
Sales Representative- South area,"כפר סבא, M, IL",https://il.indeed.com/viewjob?jk=42e26df1e8f5e6a7,2026-01-13
